--
-- PostgreSQL database dump
--

\restrict NPNt2YYfBQR5ieZ0vIYD2bZLpp6ORVGj3GYD6HYEnDscw93MHSxmcXDT6IbRmzV

-- Dumped from database version 16.13
-- Dumped by pg_dump version 17.8

SET statement_timeout = 0;
SET lock_timeout = 0;
SET idle_in_transaction_session_timeout = 0;
SET client_encoding = 'UTF8';
SET standard_conforming_strings = on;
SELECT pg_catalog.set_config('search_path', '', false);
SET check_function_bodies = false;
SET xmloption = content;
SET client_min_messages = warning;
SET row_security = off;

--
-- Data for Name: client; Type: TABLE DATA; Schema: vms; Owner: vmsproject
--

COPY vms.client (ref_client, nom_client, email, adresse, company, created_at, updated_at) FROM stdin;
2	Thomas	ford@gmail.com	Rosehill	FORD	2025-11-10 10:00:22.704901	2025-11-10 10:00:22.704901
3	Anwell	anwell@gmail.com	Quatres Bornes	Winners	2025-11-10 10:36:39.779866	2025-11-10 10:36:39.779866
5	Yussuf	mcci@gmail.com	EBENE	MCCI	2025-11-12 08:14:07.808411	2025-11-12 08:14:07.808411
6	Anwell	toyota@gmail.com	Rosehill	TOYOTA	2025-11-17 10:05:44.781368	2025-11-17 10:05:44.781368
9	Mahoney	kia@gmail.com	Ebene	KIA	2025-11-17 10:26:25.889431	2025-11-17 10:26:25.889431
10	Yussuf	yussuf@gmail.com	ROSEHILL	APPLE	2025-11-26 08:52:29.782225	2025-11-26 08:52:29.782225
14	Marcel RAFA	marcel@gmail.com	4 Bornes	Gravity	2025-12-08 08:39:09.256826	2025-12-08 08:39:09.256826
12	Francky Anthony Marcel	lacoste@gmail.com	ROSEHILL	LACOSTE	2025-12-03 08:18:34.524666	2025-12-03 08:18:34.524666
16	MAE	mae@gmail.com	ROSEHILL	TESLA	2026-02-20 19:26:47.713792	2026-02-20 19:26:47.713792
17	NICOLAS Tesla	nicolas@gmail.com	Rosehill	TESLA	2026-03-12 20:35:43.960566	2026-03-12 20:35:43.960566
19	ECONA Marta	econa@gmail.con	Rosehill	Econa	2026-03-12 23:42:06.735488	2026-03-12 23:42:06.735488
\.


--
-- Data for Name: users; Type: TABLE DATA; Schema: vms; Owner: vmsproject
--

COPY vms.users (user_id, username, nom, prenom, role, password_hash, ddl, email, titre, statut, created_at, updated_at) FROM stdin;
8	agent2	Anwell	ANTSO	agent	f44d1ac9bf0c69b083380b86dbdf3b73797150e3cca4820ac399f7917e607647	2026-03-13 10:39:56.247498	agent@gmaiil.com	Agent C	active	2026-03-13 10:38:43.706096	2026-03-13 10:38:43.706096
5	admin	Admin	Système	admin	240be518fabd2724ddb6f04eeb1da5967448d7e831c08c8fa822809f74c720a9	2026-03-14 10:25:35.56291	admin@vms.local	Administrateur Système	active	2026-02-09 09:03:37.18841	2026-02-09 09:03:37.18841
7	agent	Agent	Service	agent	a665a45920422f9d417e4867efdc4fb8a04a1f3fff1fa07e998e86f7f7a27ae3	2026-02-20 18:43:56.42475	agent@vms.local	Agent	active	2026-02-09 09:04:11.831905	2026-02-09 09:04:11.831905
6	manager	Manager	Général	manager	866485796cfa8d7c0cf7111640205b83076433547577511d81f8030ae99ecea5	2026-03-09 08:56:43.89573	manager@vms.local	Manager	active	2026-02-09 09:03:55.481171	2026-02-09 09:03:55.481171
\.


--
-- Data for Name: demande; Type: TABLE DATA; Schema: vms; Owner: vmsproject
--

COPY vms.demande (ref_demande, client_id, date_creation, nb_voucher, valeur_voucher, statut, date_payement, date_approbation, duree, expire_date, status_demande, initiated_by, approved_by, paid_by, created_at, updated_at) FROM stdin;
7	12	2025-12-03 08:18:36.655351	10	1000.00	initiee	\N	\N	90	2026-03-03	Demande en attente de validation	\N	\N	\N	2025-12-03 08:18:36.655351	2025-12-03 08:18:36.655351
9	5	2025-12-08 09:12:01.602954	70	200.00	initiee	\N	\N	120	2026-04-07	Demande en attente de validation	\N	\N	\N	2025-12-08 09:12:01.602954	2025-12-08 09:12:01.602954
8	14	2025-12-08 08:39:11.47711	10	500.00	approuvee	2025-12-08 08:40:22.311413	2025-12-08 08:40:42.885698	90	2026-03-08	vouchers_generes	\N	\N	\N	2025-12-08 08:39:11.47711	2025-12-08 08:39:11.47711
5	10	2025-11-26 08:52:32.155139	24	2000.00	approuvee	2025-11-26 08:54:49.468497	2025-11-26 08:55:04.72589	100	2026-03-06	vouchers_generes	\N	\N	\N	2025-11-26 08:52:32.155139	2025-11-26 08:52:32.155139
4	9	2025-11-17 11:12:10.946089	10	1000.00	approuvee	2025-11-17 11:15:03.291485	2025-11-17 11:17:50.250681	100	2026-02-25	vouchers_generes	\N	\N	\N	2025-11-17 11:12:10.946089	2025-11-17 11:12:10.946089
10	12	2025-12-08 09:15:53.787847	10	3000.00	approuvee	2026-02-20 18:23:14.791107	2026-02-20 18:23:26.537991	90	2026-03-08	Demande en attente de validation	\N	7	7	2025-12-08 09:15:53.787847	2025-12-08 09:15:53.787847
12	16	2026-02-20 19:26:50.424231	5	1000.00	initiee	\N	\N	30	2026-03-22	Demande en attente de validation	\N	\N	\N	2026-02-20 19:26:50.424231	2026-02-20 19:26:50.424231
13	17	2026-03-12 20:35:46.084025	5	5000.00	initiee	\N	\N	140	2026-07-30	Demande en attente de validation	\N	\N	\N	2026-03-12 20:35:46.084025	2026-03-12 20:35:46.084025
14	19	2026-03-12 23:42:09.017428	5	500.00	approuvee	2026-03-12 23:45:37.084182	2026-03-12 23:46:58.509734	100	2026-06-20	vouchers_generes	\N	5	5	2026-03-12 23:42:09.017428	2026-03-12 23:42:09.017428
\.


--
-- Data for Name: magasin; Type: TABLE DATA; Schema: vms; Owner: vmsproject
--

COPY vms.magasin (magasin_id, nom, attribute1, created_at) FROM stdin;
1	INTERMART	ROSEHILL	2025-11-26 09:26:54.703252
3	Feu de bois	Tribecca	2025-12-08 08:41:31.106008
\.


--
-- Data for Name: voucher; Type: TABLE DATA; Schema: vms; Owner: vmsproject
--

COPY vms.voucher (ref_voucher, no_voucher, montant, issue_date, expire_date, qr_code, status_vouch, client_id, ref_demande, created_at, updated_at) FROM stdin;
4	VCH-8-20260127193137-1	500.00	2026-01-27 19:31:37.24035	2026-04-27 19:31:37.24035	VMS|VOUCHER|VCH-8-20260127193137-1	issued	14	8	2026-01-27 19:31:37.24035	2026-01-27 19:31:37.24035
5	VCH-8-20260127193137-2	500.00	2026-01-27 19:31:37.24035	2026-04-27 19:31:37.24035	VMS|VOUCHER|VCH-8-20260127193137-2	issued	14	8	2026-01-27 19:31:37.24035	2026-01-27 19:31:37.24035
6	VCH-8-20260127193137-3	500.00	2026-01-27 19:31:37.24035	2026-04-27 19:31:37.24035	VMS|VOUCHER|VCH-8-20260127193137-3	issued	14	8	2026-01-27 19:31:37.24035	2026-01-27 19:31:37.24035
7	VCH-8-20260127193137-4	500.00	2026-01-27 19:31:37.24035	2026-04-27 19:31:37.24035	VMS|VOUCHER|VCH-8-20260127193137-4	issued	14	8	2026-01-27 19:31:37.24035	2026-01-27 19:31:37.24035
8	VCH-8-20260127193137-5	500.00	2026-01-27 19:31:37.24035	2026-04-27 19:31:37.24035	VMS|VOUCHER|VCH-8-20260127193137-5	issued	14	8	2026-01-27 19:31:37.24035	2026-01-27 19:31:37.24035
9	VCH-8-20260127193137-6	500.00	2026-01-27 19:31:37.24035	2026-04-27 19:31:37.24035	VMS|VOUCHER|VCH-8-20260127193137-6	issued	14	8	2026-01-27 19:31:37.24035	2026-01-27 19:31:37.24035
10	VCH-8-20260127193137-7	500.00	2026-01-27 19:31:37.24035	2026-04-27 19:31:37.24035	VMS|VOUCHER|VCH-8-20260127193137-7	issued	14	8	2026-01-27 19:31:37.24035	2026-01-27 19:31:37.24035
11	VCH-8-20260127193137-8	500.00	2026-01-27 19:31:37.24035	2026-04-27 19:31:37.24035	VMS|VOUCHER|VCH-8-20260127193137-8	issued	14	8	2026-01-27 19:31:37.24035	2026-01-27 19:31:37.24035
12	VCH-8-20260127193137-9	500.00	2026-01-27 19:31:37.24035	2026-04-27 19:31:37.24035	VMS|VOUCHER|VCH-8-20260127193137-9	issued	14	8	2026-01-27 19:31:37.24035	2026-01-27 19:31:37.24035
13	VCH-8-20260127193137-10	500.00	2026-01-27 19:31:37.24035	2026-04-27 19:31:37.24035	VMS|VOUCHER|VCH-8-20260127193137-10	issued	14	8	2026-01-27 19:31:37.24035	2026-01-27 19:31:37.24035
14	VCH-5-20260128120059-1	2000.00	2026-01-28 12:00:59.40579	2026-05-08 12:00:59.40579	VMS|VOUCHER|VCH-5-20260128120059-1	issued	10	5	2026-01-28 12:00:59.40579	2026-01-28 12:00:59.40579
15	VCH-5-20260128120059-2	2000.00	2026-01-28 12:00:59.40579	2026-05-08 12:00:59.40579	VMS|VOUCHER|VCH-5-20260128120059-2	issued	10	5	2026-01-28 12:00:59.40579	2026-01-28 12:00:59.40579
16	VCH-5-20260128120059-3	2000.00	2026-01-28 12:00:59.40579	2026-05-08 12:00:59.40579	VMS|VOUCHER|VCH-5-20260128120059-3	issued	10	5	2026-01-28 12:00:59.40579	2026-01-28 12:00:59.40579
17	VCH-5-20260128120059-4	2000.00	2026-01-28 12:00:59.40579	2026-05-08 12:00:59.40579	VMS|VOUCHER|VCH-5-20260128120059-4	issued	10	5	2026-01-28 12:00:59.40579	2026-01-28 12:00:59.40579
18	VCH-5-20260128120059-5	2000.00	2026-01-28 12:00:59.40579	2026-05-08 12:00:59.40579	VMS|VOUCHER|VCH-5-20260128120059-5	issued	10	5	2026-01-28 12:00:59.40579	2026-01-28 12:00:59.40579
19	VCH-5-20260128120059-6	2000.00	2026-01-28 12:00:59.40579	2026-05-08 12:00:59.40579	VMS|VOUCHER|VCH-5-20260128120059-6	issued	10	5	2026-01-28 12:00:59.40579	2026-01-28 12:00:59.40579
20	VCH-5-20260128120059-7	2000.00	2026-01-28 12:00:59.40579	2026-05-08 12:00:59.40579	VMS|VOUCHER|VCH-5-20260128120059-7	issued	10	5	2026-01-28 12:00:59.40579	2026-01-28 12:00:59.40579
21	VCH-5-20260128120059-8	2000.00	2026-01-28 12:00:59.40579	2026-05-08 12:00:59.40579	VMS|VOUCHER|VCH-5-20260128120059-8	issued	10	5	2026-01-28 12:00:59.40579	2026-01-28 12:00:59.40579
22	VCH-5-20260128120059-9	2000.00	2026-01-28 12:00:59.40579	2026-05-08 12:00:59.40579	VMS|VOUCHER|VCH-5-20260128120059-9	issued	10	5	2026-01-28 12:00:59.40579	2026-01-28 12:00:59.40579
23	VCH-5-20260128120059-10	2000.00	2026-01-28 12:00:59.40579	2026-05-08 12:00:59.40579	VMS|VOUCHER|VCH-5-20260128120059-10	issued	10	5	2026-01-28 12:00:59.40579	2026-01-28 12:00:59.40579
24	VCH-5-20260128120059-11	2000.00	2026-01-28 12:00:59.40579	2026-05-08 12:00:59.40579	VMS|VOUCHER|VCH-5-20260128120059-11	issued	10	5	2026-01-28 12:00:59.40579	2026-01-28 12:00:59.40579
25	VCH-5-20260128120059-12	2000.00	2026-01-28 12:00:59.40579	2026-05-08 12:00:59.40579	VMS|VOUCHER|VCH-5-20260128120059-12	issued	10	5	2026-01-28 12:00:59.40579	2026-01-28 12:00:59.40579
26	VCH-5-20260128120059-13	2000.00	2026-01-28 12:00:59.40579	2026-05-08 12:00:59.40579	VMS|VOUCHER|VCH-5-20260128120059-13	issued	10	5	2026-01-28 12:00:59.40579	2026-01-28 12:00:59.40579
27	VCH-5-20260128120059-14	2000.00	2026-01-28 12:00:59.40579	2026-05-08 12:00:59.40579	VMS|VOUCHER|VCH-5-20260128120059-14	issued	10	5	2026-01-28 12:00:59.40579	2026-01-28 12:00:59.40579
28	VCH-5-20260128120059-15	2000.00	2026-01-28 12:00:59.40579	2026-05-08 12:00:59.40579	VMS|VOUCHER|VCH-5-20260128120059-15	issued	10	5	2026-01-28 12:00:59.40579	2026-01-28 12:00:59.40579
29	VCH-5-20260128120059-16	2000.00	2026-01-28 12:00:59.40579	2026-05-08 12:00:59.40579	VMS|VOUCHER|VCH-5-20260128120059-16	issued	10	5	2026-01-28 12:00:59.40579	2026-01-28 12:00:59.40579
30	VCH-5-20260128120059-17	2000.00	2026-01-28 12:00:59.40579	2026-05-08 12:00:59.40579	VMS|VOUCHER|VCH-5-20260128120059-17	issued	10	5	2026-01-28 12:00:59.40579	2026-01-28 12:00:59.40579
31	VCH-5-20260128120059-18	2000.00	2026-01-28 12:00:59.40579	2026-05-08 12:00:59.40579	VMS|VOUCHER|VCH-5-20260128120059-18	issued	10	5	2026-01-28 12:00:59.40579	2026-01-28 12:00:59.40579
32	VCH-5-20260128120059-19	2000.00	2026-01-28 12:00:59.40579	2026-05-08 12:00:59.40579	VMS|VOUCHER|VCH-5-20260128120059-19	issued	10	5	2026-01-28 12:00:59.40579	2026-01-28 12:00:59.40579
33	VCH-5-20260128120059-20	2000.00	2026-01-28 12:00:59.40579	2026-05-08 12:00:59.40579	VMS|VOUCHER|VCH-5-20260128120059-20	issued	10	5	2026-01-28 12:00:59.40579	2026-01-28 12:00:59.40579
34	VCH-5-20260128120059-21	2000.00	2026-01-28 12:00:59.40579	2026-05-08 12:00:59.40579	VMS|VOUCHER|VCH-5-20260128120059-21	issued	10	5	2026-01-28 12:00:59.40579	2026-01-28 12:00:59.40579
35	VCH-5-20260128120059-22	2000.00	2026-01-28 12:00:59.40579	2026-05-08 12:00:59.40579	VMS|VOUCHER|VCH-5-20260128120059-22	issued	10	5	2026-01-28 12:00:59.40579	2026-01-28 12:00:59.40579
36	VCH-5-20260128120059-23	2000.00	2026-01-28 12:00:59.40579	2026-05-08 12:00:59.40579	VMS|VOUCHER|VCH-5-20260128120059-23	issued	10	5	2026-01-28 12:00:59.40579	2026-01-28 12:00:59.40579
37	VCH-5-20260128120059-24	2000.00	2026-01-28 12:00:59.40579	2026-05-08 12:00:59.40579	VMS|VOUCHER|VCH-5-20260128120059-24	issued	10	5	2026-01-28 12:00:59.40579	2026-01-28 12:00:59.40579
38	VCH-4-20260220180728-1	1000.00	2026-02-20 18:07:28.236601	2026-05-31 18:07:28.236601	VMS|VOUCHER|VCH-4-20260220180728-1	issued	9	4	2026-02-20 18:07:28.236601	2026-02-20 18:07:28.236601
39	VCH-4-20260220180728-2	1000.00	2026-02-20 18:07:28.236601	2026-05-31 18:07:28.236601	VMS|VOUCHER|VCH-4-20260220180728-2	issued	9	4	2026-02-20 18:07:28.236601	2026-02-20 18:07:28.236601
40	VCH-4-20260220180728-3	1000.00	2026-02-20 18:07:28.236601	2026-05-31 18:07:28.236601	VMS|VOUCHER|VCH-4-20260220180728-3	issued	9	4	2026-02-20 18:07:28.236601	2026-02-20 18:07:28.236601
41	VCH-4-20260220180728-4	1000.00	2026-02-20 18:07:28.236601	2026-05-31 18:07:28.236601	VMS|VOUCHER|VCH-4-20260220180728-4	issued	9	4	2026-02-20 18:07:28.236601	2026-02-20 18:07:28.236601
42	VCH-4-20260220180728-5	1000.00	2026-02-20 18:07:28.236601	2026-05-31 18:07:28.236601	VMS|VOUCHER|VCH-4-20260220180728-5	issued	9	4	2026-02-20 18:07:28.236601	2026-02-20 18:07:28.236601
43	VCH-4-20260220180728-6	1000.00	2026-02-20 18:07:28.236601	2026-05-31 18:07:28.236601	VMS|VOUCHER|VCH-4-20260220180728-6	issued	9	4	2026-02-20 18:07:28.236601	2026-02-20 18:07:28.236601
44	VCH-4-20260220180728-7	1000.00	2026-02-20 18:07:28.236601	2026-05-31 18:07:28.236601	VMS|VOUCHER|VCH-4-20260220180728-7	issued	9	4	2026-02-20 18:07:28.236601	2026-02-20 18:07:28.236601
45	VCH-4-20260220180728-8	1000.00	2026-02-20 18:07:28.236601	2026-05-31 18:07:28.236601	VMS|VOUCHER|VCH-4-20260220180728-8	issued	9	4	2026-02-20 18:07:28.236601	2026-02-20 18:07:28.236601
46	VCH-4-20260220180728-9	1000.00	2026-02-20 18:07:28.236601	2026-05-31 18:07:28.236601	VMS|VOUCHER|VCH-4-20260220180728-9	issued	9	4	2026-02-20 18:07:28.236601	2026-02-20 18:07:28.236601
47	VCH-4-20260220180728-10	1000.00	2026-02-20 18:07:28.236601	2026-05-31 18:07:28.236601	VMS|VOUCHER|VCH-4-20260220180728-10	issued	9	4	2026-02-20 18:07:28.236601	2026-02-20 18:07:28.236601
48	VCH-14-20260312234832-1	500.00	2026-03-12 23:48:32.759972	2026-06-20 23:48:32.759972	VMS|VOUCHER|VCH-14-20260312234832-1	issued	19	14	2026-03-12 23:48:32.759972	2026-03-12 23:48:32.759972
49	VCH-14-20260312234832-2	500.00	2026-03-12 23:48:32.759972	2026-06-20 23:48:32.759972	VMS|VOUCHER|VCH-14-20260312234832-2	issued	19	14	2026-03-12 23:48:32.759972	2026-03-12 23:48:32.759972
50	VCH-14-20260312234832-3	500.00	2026-03-12 23:48:32.759972	2026-06-20 23:48:32.759972	VMS|VOUCHER|VCH-14-20260312234832-3	issued	19	14	2026-03-12 23:48:32.759972	2026-03-12 23:48:32.759972
51	VCH-14-20260312234832-4	500.00	2026-03-12 23:48:32.759972	2026-06-20 23:48:32.759972	VMS|VOUCHER|VCH-14-20260312234832-4	issued	19	14	2026-03-12 23:48:32.759972	2026-03-12 23:48:32.759972
52	VCH-14-20260312234832-5	500.00	2026-03-12 23:48:32.759972	2026-06-20 23:48:32.759972	VMS|VOUCHER|VCH-14-20260312234832-5	issued	19	14	2026-03-12 23:48:32.759972	2026-03-12 23:48:32.759972
\.


--
-- Data for Name: redemption; Type: TABLE DATA; Schema: vms; Owner: vmsproject
--

COPY vms.redemption (ref_redemption, ref_voucher, magasin_id, redeemed_by, date_redemption, statut, motif_echec, created_at) FROM stdin;
\.


--
-- Data for Name: user_permissions; Type: TABLE DATA; Schema: vms; Owner: vmsproject
--

COPY vms.user_permissions (permission_id, user_id, menu_clients, menu_users, menu_magasins, menu_demandes, menu_vouchers, created_at, updated_at) FROM stdin;
1	5	t	t	t	t	t	2026-03-13 05:43:45.655737	2026-03-13 05:43:45.655737
2	6	t	f	t	t	t	2026-03-13 05:43:45.655737	2026-03-13 05:43:45.655737
3	7	f	f	f	t	t	2026-03-13 05:43:45.655737	2026-03-13 05:43:45.655737
4	8	f	f	t	t	t	2026-03-13 10:38:46.214016	2026-03-13 10:38:46.214016
\.


--
-- Data for Name: voucher_action_log; Type: TABLE DATA; Schema: vms; Owner: vmsproject
--

COPY vms.voucher_action_log (action_id, voucher_id, action, performed_by, performed_at, details) FROM stdin;
\.


--
-- Data for Name: voucher_audit; Type: TABLE DATA; Schema: vms; Owner: vmsproject
--

COPY vms.voucher_audit (audit_id, ref_voucher, no_voucher, ancien_statut, nouveau_statut, action, user_id, audit_date, ip_address, details) FROM stdin;
\.


--
-- Name: client_ref_client_seq; Type: SEQUENCE SET; Schema: vms; Owner: vmsproject
--

SELECT pg_catalog.setval('vms.client_ref_client_seq', 19, true);


--
-- Name: demande_ref_demande_seq; Type: SEQUENCE SET; Schema: vms; Owner: vmsproject
--

SELECT pg_catalog.setval('vms.demande_ref_demande_seq', 14, true);


--
-- Name: magasin_magasin_id_seq; Type: SEQUENCE SET; Schema: vms; Owner: vmsproject
--

SELECT pg_catalog.setval('vms.magasin_magasin_id_seq', 3, true);


--
-- Name: redemption_ref_redemption_seq; Type: SEQUENCE SET; Schema: vms; Owner: vmsproject
--

SELECT pg_catalog.setval('vms.redemption_ref_redemption_seq', 1, false);


--
-- Name: user_permissions_permission_id_seq; Type: SEQUENCE SET; Schema: vms; Owner: vmsproject
--

SELECT pg_catalog.setval('vms.user_permissions_permission_id_seq', 4, true);


--
-- Name: users_user_id_seq; Type: SEQUENCE SET; Schema: vms; Owner: vmsproject
--

SELECT pg_catalog.setval('vms.users_user_id_seq', 8, true);


--
-- Name: voucher_action_log_action_id_seq; Type: SEQUENCE SET; Schema: vms; Owner: vmsproject
--

SELECT pg_catalog.setval('vms.voucher_action_log_action_id_seq', 1, false);


--
-- Name: voucher_audit_audit_id_seq; Type: SEQUENCE SET; Schema: vms; Owner: vmsproject
--

SELECT pg_catalog.setval('vms.voucher_audit_audit_id_seq', 1, false);


--
-- Name: voucher_ref_voucher_seq; Type: SEQUENCE SET; Schema: vms; Owner: vmsproject
--

SELECT pg_catalog.setval('vms.voucher_ref_voucher_seq', 52, true);


--
-- PostgreSQL database dump complete
--

\unrestrict NPNt2YYfBQR5ieZ0vIYD2bZLpp6ORVGj3GYD6HYEnDscw93MHSxmcXDT6IbRmzV

